[
  {
    "keyword": "Feature",
    "name": "Testing ecommerce application to understand data driven",
    "line": 1,
    "id": "testing-ecommerce-application-to-understand-data-driven",
    "tags": [],
    "uri": "dataDriven.feature",
    "elements": [
      {
        "id": "testing-ecommerce-application-to-understand-data-driven;filling-the-form",
        "keyword": "Scenario",
        "line": 2,
        "name": "Filling the form",
        "tags": [],
        "type": "scenario",
        "steps": [
          {
            "arguments": [],
            "keyword": "Given ",
            "line": 3,
            "name": "I open Ecommerce page",
            "result": {
              "status": "passed",
              "duration": 1055000000
            }
          },
          {
            "arguments": [
              {
                "rows": [
                  {
                    "cells": [
                      "name",
                      "gender"
                    ]
                  },
                  {
                    "cells": [
                      "Chaithraa",
                      "Female"
                    ]
                  }
                ]
              }
            ],
            "keyword": "When ",
            "line": 4,
            "name": "I filled the details",
            "result": {
              "status": "passed",
              "duration": 634000000
            }
          },
          {
            "arguments": [],
            "keyword": "Then ",
            "line": 7,
            "name": "Validate the form behaviour",
            "result": {
              "status": "passed",
              "duration": 141000000
            }
          },
          {
            "arguments": [],
            "keyword": "And ",
            "line": 8,
            "name": "Select the shop page",
            "result": {
              "status": "passed",
              "duration": 1416000000
            }
          }
        ]
      }
    ]
  }
]