[
  {
    "keyword": "Feature",
    "name": "Testing ecommerce application",
    "line": 1,
    "id": "testing-ecommerce-application",
    "tags": [],
    "uri": "ecommerce.feature",
    "elements": [
      {
        "id": "testing-ecommerce-application;end-to-end-testing-ecommerce-application",
        "keyword": "Scenario",
        "line": 2,
        "name": "End to end testing ecommerce application",
        "tags": [],
        "type": "scenario",
        "steps": [
          {
            "arguments": [],
            "keyword": "Given ",
            "line": 3,
            "name": "I opened Ecommerce page",
            "result": {
              "status": "passed",
              "duration": 567000000
            }
          },
          {
            "arguments": [],
            "keyword": "When ",
            "line": 4,
            "name": "I add items to cart",
            "result": {
              "status": "passed",
              "duration": 1124000000
            }
          },
          {
            "arguments": [],
            "keyword": "Then ",
            "line": 5,
            "name": "Click on checkout, Select the country click on purchase",
            "result": {
              "status": "passed",
              "duration": 6069000000
            }
          },
          {
            "arguments": [],
            "keyword": "And ",
            "line": 6,
            "name": "verify thank you message",
            "result": {
              "status": "passed",
              "duration": 84000000
            }
          }
        ]
      }
    ]
  }
]